{"BLOCK_k1": 0.004195429838222629, "BLOCK_k2": -1.630906485599344, "BLOCK_b": 172.0261376909416, "BLOCK_ky": 0.00649728473458148, "BLOCK_by": 0.6166046092293308, "CUP_k1": 0.013162784318319822, "CUP_k2": -1.606572786903466, "CUP_b": 69.94466803574554}